Rank,Country,Cost of Living Index,Rent Index,Cost of Living Plus Rent Index,Groceries Index,Restaurant Price Index,Local Purchasing Power Index,GNI per Capita
2.0,Switzerland,112.2,52.8,84.0,116.7,104.1,118.9,75810.0
5.0,Bahamas,88.5,41.8,66.3,80.5,80.4,38.0,31010.0
6.0,Iceland,85.7,41.0,64.5,86.5,88.0,109.1,55890.0
7.0,Singapore,81.9,71.9,77.1,75.0,55.3,103.0,102450.0
8.0,Barbados,79.4,19.9,51.2,78.6,71.8,34.4,14810.0
9.0,Norway,79.2,27.8,54.8,77.5,75.9,94.9,82840.0
10.0,Denmark,75.2,28.6,53.1,65.0,82.6,103.3,66720.0
12.0,United States,72.9,44.7,59.5,74.2,68.4,120.9,70480.0
13.0,Australia,72.8,36.6,55.6,73.9,66.9,93.6,55660.0
15.0,Canada,68.4,36.0,53.1,70.7,64.0,83.3,51690.0
16.0,New Zealand,68.2,28.8,49.5,71.7,58.8,93.0,45440.0
18.0,Israel,67.2,31.2,50.1,60.2,71.9,79.5,44060.0
19.0,Austria,66.8,23.7,46.4,64.8,59.0,84.4,58370.0
20.0,Ireland,66.5,47.3,57.4,58.9,65.9,82.0,79370.0
21.0,France,66.0,22.3,45.3,68.6,57.9,83.4,51660.0
22.0,Finland,65.5,20.8,44.3,61.6,63.8,97.3,55940.0
23.0,Luxembourg,65.3,42.4,54.4,65.1,69.4,148.9,83230.0
25.0,South Korea,64.4,17.1,42.0,83.1,32.4,90.6,47770.0
26.0,Netherlands,64.3,34.5,50.2,57.4,61.0,103.3,63370.0
27.0,United Kingdom,63.7,33.5,49.4,55.5,63.9,90.1,49420.0
28.0,Belgium,63.0,21.4,43.3,56.1,67.8,90.7,59430.0
29.0,Germany,62.7,26.3,45.4,57.6,52.5,101.0,59630.0
30.0,Sweden,62.2,23.1,43.6,61.8,56.1,94.6,61090.0
32.0,Italy,58.9,21.1,41.0,56.8,55.0,62.8,46450.0
33.0,United Arab Emirates,57.8,46.9,52.6,45.0,50.0,98.7,71280.0
34.0,Cyprus,57.1,25.0,41.8,49.3,54.0,59.4,40380.0
36.0,Yemen,56.1,7.1,32.8,64.0,30.2,17.1,3706.667
37.0,Uruguay,55.3,15.2,36.3,50.3,50.4,47.0,22950.0
38.0,Malta,55.1,25.3,40.9,49.9,57.5,58.3,45370.0
39.0,Qatar,55.0,40.4,48.1,44.3,49.5,127.4,100450.0
40.0,Greece,54.2,13.6,34.9,47.9,52.9,42.1,31480.0
41.0,Bahrain,53.7,22.6,39.0,46.4,43.4,83.6,46900.0
42.0,Costa Rica,53.6,16.5,36.0,54.2,44.1,37.0,21810.0
43.0,Trinidad And Tobago,53.6,13.3,34.5,53.9,44.6,35.4,25210.0
44.0,Jamaica,53.1,13.4,34.3,57.2,38.4,28.1,10240.0
45.0,Estonia,53.0,15.5,35.2,45.2,48.8,69.0,41520.0
46.0,Latvia,51.4,11.7,32.6,42.6,46.2,51.9,33760.0
47.0,Japan,50.7,15.1,33.8,55.4,30.9,99.5,44570.0
48.0,Brunei,50.5,17.4,34.8,65.6,25.6,87.0,66480.0
49.0,Maldives,50.0,23.1,37.3,47.5,28.0,40.8,18770.0
50.0,Slovenia,49.3,17.0,34.0,46.3,41.2,68.0,43040.0
51.0,Taiwan,49.0,13.7,32.2,61.8,24.8,80.0,35188.0
52.0,Czech Republic,48.6,21.0,35.5,44.1,34.5,64.9,43360.0
53.0,Lithuania,48.4,15.8,32.9,43.6,45.1,61.8,41170.0
54.0,Spain,48.4,23.6,36.6,45.1,44.0,78.2,40910.0
55.0,Belize,48.0,10.7,30.3,47.4,27.9,52.4,9330.0
56.0,Slovakia,47.9,15.1,32.4,45.1,35.5,55.8,32450.0
57.0,Panama,47.4,21.5,35.1,46.4,43.2,34.7,29720.0
58.0,Saudi Arabia,47.4,12.2,30.7,40.8,32.9,105.1,46130.0
59.0,Croatia,46.9,14.5,31.5,42.6,42.6,58.0,34620.0
60.0,Portugal,46.6,25.4,36.5,42.9,37.9,46.5,35390.0
61.0,Lebanon,46.3,16.5,32.2,33.4,37.8,20.7,13700.0
62.0,Guyana,46.2,11.5,29.8,48.2,44.8,21.9,22920.0
63.0,Cuba,45.6,10.6,29.0,41.3,25.5,1.7,21689.0
64.0,Ivory Coast,44.7,16.8,31.5,38.3,27.5,8.5,5670.0
65.0,Oman,44.4,13.3,29.7,39.5,33.5,109.6,35120.0
66.0,Senegal,44.0,22.7,33.9,40.1,37.9,18.0,3760.0
67.0,Mexico,43.8,17.0,31.1,45.6,36.7,38.0,19740.0
68.0,Kuwait,43.4,24.3,34.4,33.8,36.9,128.5,55930.0
69.0,Hungary,43.4,11.3,28.2,39.5,36.7,49.8,35640.0
70.0,Palestine,43.3,8.4,26.8,40.6,27.4,37.4,7370.0
71.0,Ethiopia,43.1,15.1,29.8,42.4,19.5,10.4,2530.0
72.0,Jordan,43.0,7.6,26.2,36.9,35.8,36.4,10080.0
73.0,Mozambique,43.0,20.6,32.4,35.0,37.6,12.5,1320.0
74.0,Poland,41.9,19.2,31.1,35.9,35.7,66.2,36060.0
75.0,El Salvador,41.1,16.8,29.6,42.7,30.5,22.2,9420.0
76.0,Montenegro,40.9,16.6,29.4,36.3,35.6,41.8,23770.0
77.0,Albania,40.8,10.2,26.3,39.4,31.0,31.6,15490.0
78.0,Chile,39.9,11.5,26.4,40.6,35.1,36.4,27020.0
79.0,Mauritius,39.8,11.0,26.2,41.4,27.1,32.8,23380.0
80.0,Zambia,39.7,9.0,25.2,30.8,19.6,17.4,3250.0
81.0,Cameroon,39.6,18.3,29.5,33.4,38.5,8.4,3970.0
82.0,Venezuela,39.4,5.7,23.4,38.3,38.5,12.6,17966.67
83.0,Dominican Republic,39.0,11.2,25.8,36.6,33.2,23.5,19440.0
84.0,Romania,38.8,10.6,25.4,36.4,35.0,48.4,35260.0
85.0,Bulgaria,38.7,9.9,25.1,37.6,32.8,52.6,27200.0
86.0,Armenia,38.6,19.5,29.5,34.1,36.2,32.1,15140.0
87.0,Myanmar,38.6,15.3,27.5,31.2,16.1,16.0,4310.0
88.0,Cambodia,38.5,10.2,25.1,41.6,22.2,16.9,4540.0
89.0,Serbia,38.3,12.7,26.2,35.0,30.4,39.6,20670.0
90.0,Guatemala,37.7,12.9,25.9,39.1,27.9,29.7,9590.0
91.0,Honduras,37.3,10.3,24.5,36.6,26.5,35.1,5620.0
92.0,Georgia,37.2,15.5,26.9,35.7,34.5,27.9,15950.0
93.0,Zimbabwe,37.0,10.1,24.2,33.4,26.1,21.5,2270.0
94.0,Thailand,36.0,12.4,24.8,41.0,18.4,32.9,18120.0
95.0,Brazil,35.2,9.0,22.8,32.4,26.0,30.1,15600.0
96.0,Fiji,34.8,15.2,25.5,40.0,27.7,64.0,10720.0
97.0,Bosnia And Herzegovina,34.7,5.7,21.0,32.7,22.0,47.1,17120.0
98.0,Moldova,34.6,9.8,22.8,31.0,26.6,35.2,15810.0
99.0,China,34.1,13.4,24.3,37.6,21.0,60.5,19160.0
100.0,North Macedonia,34.1,6.8,21.1,31.2,22.8,37.0,17410.0
101.0,Turkey,33.8,13.2,24.0,30.3,25.8,39.3,30290.0
102.0,South Africa,33.8,11.8,23.4,27.6,28.7,84.7,14340.0
103.0,Ecuador,33.6,8.9,21.9,34.0,24.8,36.4,11540.0
104.0,Philippines,33.6,8.3,21.6,35.2,17.9,25.9,9210.0
105.0,Nicaragua,33.6,8.7,21.8,37.3,21.6,18.1,5800.0
106.0,Kazakhstan,33.5,13.6,24.0,31.9,29.7,36.8,25160.0
107.0,Sri Lanka,33.2,6.0,20.3,44.6,16.7,14.4,14370.0
108.0,Mongolia,32.7,11.0,22.4,37.2,21.9,23.5,10950.0
109.0,Kosovo (Disputed Territory),31.3,8.5,20.5,29.3,20.7,34.8,16833.33
110.0,Azerbaijan,31.1,8.1,20.2,28.4,30.1,29.4,15520.0
111.0,Peru,30.9,9.7,20.8,30.7,21.4,27.3,12780.0
112.0,Namibia,30.8,10.4,21.1,30.0,27.4,51.4,9850.0
113.0,Vietnam,30.8,9.7,20.8,34.6,14.9,32.5,11080.0
114.0,Colombia,30.6,8.8,20.3,30.6,20.9,28.1,16540.0
115.0,Malaysia,30.5,8.2,19.9,35.4,18.3,62.1,28150.0
116.0,Uganda,30.4,7.3,19.4,27.8,21.7,15.2,2140.0
117.0,Iraq,30.2,8.2,19.8,27.4,20.7,42.0,9750.0
118.0,Botswana,30.1,6.1,18.7,27.3,22.5,56.5,15420.0
119.0,Morocco,29.9,7.8,19.4,28.8,19.3,30.4,8730.0
120.0,Algeria,29.5,4.1,17.5,35.6,13.1,25.4,11860.0
121.0,Russia,29.5,9.9,20.2,25.9,26.2,41.5,32070.0
122.0,Egypt,29.1,5.5,17.9,27.8,21.7,15.2,12320.0
123.0,Somalia,29.0,4.5,17.4,30.9,23.6,30.5,1240.0
124.0,Tunisia,28.7,5.0,17.4,30.0,15.2,25.7,10910.0
125.0,Ukraine,28.6,8.5,19.0,26.6,22.2,32.2,13860.0
126.0,Indonesia,28.5,8.3,18.9,33.6,14.4,25.8,12680.0
127.0,Bolivia,28.3,7.4,18.4,25.9,19.7,32.3,8620.0
128.0,Argentina,27.8,6.8,17.8,25.6,23.6,35.8,23170.0
129.0,Paraguay,27.6,10.5,19.5,24.9,19.1,28.1,14600.0
130.0,Uzbekistan,27.1,12.1,20.0,27.8,20.1,28.0,8520.0
131.0,Belarus,27.1,8.2,18.2,24.4,25.3,39.6,20860.0
132.0,Nepal,26.9,4.0,16.1,24.8,17.6,20.3,4230.0
133.0,Iran,26.9,8.9,18.4,21.5,16.5,21.2,16540.0
134.0,Kyrgyzstan,26.9,11.1,19.4,25.9,20.0,24.5,4860.0
135.0,Rwanda,26.3,9.5,18.3,26.1,19.1,21.7,2410.0
136.0,Tanzania,26.0,8.0,17.5,25.8,20.3,21.6,2830.0
137.0,Ghana,26.0,11.0,18.8,27.2,22.9,14.8,5820.0
138.0,Madagascar,25.2,8.0,17.0,23.6,13.7,12.3,1570.0
139.0,Syria,25.0,4.1,15.1,23.5,16.5,4.7,5751.667
140.0,Bangladesh,24.9,2.7,14.4,26.6,14.0,25.8,6840.0
141.0,Kenya,24.8,7.1,16.4,23.8,18.3,30.6,5130.0
142.0,Afghanistan,22.8,2.8,13.3,17.3,13.0,22.4,1680.0
143.0,India,22.2,6.2,14.6,23.5,15.6,60.7,7130.0
144.0,Libya,21.2,4.4,13.3,21.5,15.2,33.7,24330.0
145.0,Nigeria,19.3,15.4,17.4,21.4,13.3,9.4,5200.0
146.0,Pakistan,18.5,2.9,11.1,16.4,12.7,24.5,5680.0
